date,level,site
2001-03-21,-60.84,#1012
2002-03-21,-61.14,#1012
2003-03-21,-60.75,#1012
2004-03-21,,#1012
2005-03-21,-61.14,#1012
2006-03-21,-62.12,#1012
2007-03-21,-61.39,#1012
2008-03-21,-61.51,#1012
2009-03-21,,#1012
2010-03-21,-61.6,#1012
2011-03-21,-62.12,#1012
2012-03-21,-62.21,#1012
2013-03-21,-62.42,#1012
2014-03-21,-62.79,#1012
2015-03-21,-62.91,#1012
2016-03-21,-63.09,#1012
2017-03-21,-63.0,#1012
2018-03-21,-63.25,#1012
2019-03-21,-63.46,#1012
2020-03-21,-63.64,#1012
2001-03-21,-44.87,#1014
2002-03-21,-45.38,#1014
2003-03-21,-45.9,#1014
2004-03-21,-46.57,#1014
2005-03-21,-46.3,#1014
2006-03-21,-46.66,#1014
2007-03-21,-46.79,#1014
2008-03-21,-47.18,#1014
2009-03-21,,#1014
2010-03-21,-47.06,#1014
2011-03-21,-47.09,#1014
2012-03-21,-47.12,#1014
2013-03-21,-47.46,#1014
2014-03-21,-47.34,#1014
2015-03-21,-47.55,#1014
2016-03-21,-47.67,#1014
2017-03-21,-47.76,#1014
2018-03-21,-48.4,#1014
2019-03-21,-48.59,#1014
2020-03-21,-48.95,#1014
2001-03-21,-66.78,#1020
2002-03-21,-67.17,#1020
2003-03-21,-67.74,#1020
2004-03-21,-67.99,#1020
2005-03-21,,#1020
2006-03-21,-68.91,#1020
2007-03-21,-69.5,#1020
2008-03-21,-70.31,#1020
2009-03-21,,#1020
2010-03-21,-69.74,#1020
2011-03-21,-68.67,#1020
2012-03-21,-68.52,#1020
2013-03-21,-73.64,#1020
2014-03-21,-72.39,#1020
2015-03-21,-71.6,#1020
2016-03-21,-71.32,#1020
2017-03-21,-72.18,#1020
2018-03-21,-71.99,#1020
2019-03-21,-72.12,#1020
2020-03-21,-72.57,#1020
2001-03-21,-47.27,#1057
2002-03-21,-47.7,#1057
2003-03-21,-47.82,#1057
2004-03-21,-47.95,#1057
2005-03-21,-48.1,#1057
2006-03-21,-48.59,#1057
2007-03-21,-48.68,#1057
2008-03-21,-48.92,#1057
2009-03-21,,#1057
2010-03-21,-48.55,#1057
2011-03-21,-48.65,#1057
2012-03-21,-48.49,#1057
2013-03-21,-48.8,#1057
2014-03-21,-48.98,#1057
2015-03-21,-49.32,#1057
2016-03-21,-49.71,#1057
2017-03-21,-50.11,#1057
2018-03-21,-50.2,#1057
2019-03-21,-50.54,#1057
2020-03-21,-50.6,#1057
2001-03-21,-38.01,#1058
2002-03-21,-38.62,#1058
2003-03-21,-41.15,#1058
2004-03-21,-40.08,#1058
2005-03-21,-40.78,#1058
2006-03-21,-41.94,#1058
2007-03-21,-41.97,#1058
2008-03-21,-42.52,#1058
2009-03-21,,#1058
2010-03-21,-42.82,#1058
2011-03-21,-43.22,#1058
2012-03-21,-43.46,#1058
2013-03-21,-44.44,#1058
2014-03-21,-44.32,#1058
2015-03-21,-44.47,#1058
2016-03-21,-44.93,#1058
2017-03-21,-45.26,#1058
2018-03-21,-45.66,#1058
2019-03-21,-46.3,#1058
2020-03-21,-46.73,#1058
2001-03-21,-40.93,#1065
2002-03-21,-41.79,#1065
2003-03-21,-41.85,#1065
2004-03-21,-42.7,#1065
2005-03-21,-43.74,#1065
2006-03-21,-44.17,#1065
2007-03-21,-44.65,#1065
2008-03-21,-45.11,#1065
2009-03-21,,#1065
2010-03-21,-46.42,#1065
2011-03-21,-46.63,#1065
2012-03-21,-46.85,#1065
2013-03-21,-47.34,#1065
2014-03-21,-47.52,#1065
2015-03-21,-47.79,#1065
2016-03-21,-48.1,#1065
2017-03-21,-48.74,#1065
2018-03-21,-48.86,#1065
2019-03-21,-49.59,#1065
2020-03-21,-49.8,#1065
2001-03-21,-41.45,#1072
2002-03-21,-41.85,#1072
2003-03-21,-42.37,#1072
2004-03-21,-43.19,#1072
2005-03-21,-43.74,#1072
2006-03-21,-44.5,#1072
2007-03-21,-44.68,#1072
2008-03-21,-44.81,#1072
2009-03-21,,#1072
2010-03-21,-46.39,#1072
2011-03-21,-46.66,#1072
2012-03-21,-47.49,#1072
2013-03-21,-47.37,#1072
2014-03-21,-47.7,#1072
2015-03-21,-47.95,#1072
2016-03-21,-48.1,#1072
2017-03-21,-48.62,#1072
2018-03-21,-48.86,#1072
2019-03-21,-49.23,#1072
2020-03-21,-49.41,#1072
2001-03-21,-49.38,#1073
2002-03-21,-49.93,#1073
2003-03-21,-50.44,#1073
2004-03-21,-51.15,#1073
2005-03-21,-51.45,#1073
2006-03-21,-52.55,#1073
2007-03-21,-53.43,#1073
2008-03-21,-54.25,#1073
2009-03-21,,#1073
2010-03-21,-51.28,#1073
2011-03-21,-51.08,#1073
2012-03-21,-51.15,#1073
2013-03-21,-51.54,#1073
2014-03-21,-51.69,#1073
2015-03-21,-51.94,#1073
2016-03-21,-51.63,#1073
2017-03-21,-52.21,#1073
2018-03-21,-52.58,#1073
2019-03-21,-53.04,#1073
2020-03-21,-52.91,#1073
2001-03-21,-36.0,#1074
2002-03-21,,#1074
2003-03-21,-36.73,#1074
2004-03-21,-37.19,#1074
2005-03-21,-37.95,#1074
2006-03-21,-37.98,#1074
2007-03-21,,#1074
2008-03-21,-38.86,#1074
2009-03-21,-39.08,#1074
2010-03-21,-39.32,#1074
2011-03-21,-39.35,#1074
2012-03-21,-39.5,#1074
2013-03-21,-39.99,#1074
2014-03-21,-40.08,#1074
2015-03-21,-40.6,#1074
2016-03-21,-40.97,#1074
2017-03-21,-41.27,#1074
2018-03-21,-41.57,#1074
2019-03-21,-41.91,#1074
2020-03-21,-42.03,#1074
2001-03-21,-46.79,#1101
2002-03-21,,#1101
2003-03-21,-49.74,#1101
2004-03-21,-47.88,#1101
2005-03-21,-48.37,#1101
2006-03-21,-48.95,#1101
2007-03-21,,#1101
2008-03-21,-49.93,#1101
2009-03-21,-50.51,#1101
2010-03-21,-50.38,#1101
2011-03-21,-50.41,#1101
2012-03-21,-50.54,#1101
2013-03-21,-50.93,#1101
2014-03-21,-51.11,#1101
2015-03-21,-51.24,#1101
2016-03-21,-51.51,#1101
2017-03-21,-52.03,#1101
2018-03-21,-52.21,#1101
2019-03-21,-52.55,#1101
2020-03-21,-52.33,#1101
2001-03-21,-50.35,#1102
2002-03-21,,#1102
2003-03-21,-51.21,#1102
2004-03-21,-51.24,#1102
2005-03-21,-51.66,#1102
2006-03-21,-52.46,#1102
2007-03-21,,#1102
2008-03-21,-53.49,#1102
2009-03-21,-53.95,#1102
2010-03-21,-54.04,#1102
2011-03-21,-54.22,#1102
2012-03-21,-54.35,#1102
2013-03-21,-54.68,#1102
2014-03-21,-54.96,#1102
2015-03-21,-54.99,#1102
2016-03-21,-55.14,#1102
2017-03-21,-55.47,#1102
2018-03-21,-55.44,#1102
2019-03-21,-55.75,#1102
2020-03-21,-55.78,#1102
2001-03-21,-48.43,#1103
2002-03-21,,#1103
2003-03-21,-49.04,#1103
2004-03-21,-49.8,#1103
2005-03-21,-50.29,#1103
2006-03-21,-50.81,#1103
2007-03-21,,#1103
2008-03-21,-51.76,#1103
2009-03-21,-52.21,#1103
2010-03-21,-52.12,#1103
2011-03-21,-52.24,#1103
2012-03-21,-52.61,#1103
2013-03-21,-53.19,#1103
2014-03-21,-53.13,#1103
2015-03-21,-52.97,#1103
2016-03-21,-53.16,#1103
2017-03-21,-53.49,#1103
2018-03-21,-52.88,#1103
2019-03-21,-53.49,#1103
2020-03-21,-53.68,#1103
2001-03-21,-50.46,#1104
2002-03-21,,#1104
2003-03-21,-50.96,#1104
2004-03-21,-51.82,#1104
2005-03-21,-52.67,#1104
2006-03-21,-52.76,#1104
2007-03-21,,#1104
2008-03-21,-54.01,#1104
2009-03-21,-54.16,#1104
2010-03-21,-54.25,#1104
2011-03-21,-54.47,#1104
2012-03-21,-54.74,#1104
2013-03-21,-55.87,#1104
2014-03-21,-56.05,#1104
2015-03-21,-56.3,#1104
2016-03-21,-56.05,#1104
2017-03-21,-56.39,#1104
2018-03-21,-56.45,#1104
2019-03-21,-56.66,#1104
2020-03-21,-57.21,#1104
2001-03-21,-13.44,#1107
2002-03-21,-13.29,#1107
2003-03-21,-13.29,#1107
2004-03-21,-13.41,#1107
2005-03-21,-13.24,#1107
2006-03-21,-13.21,#1107
2007-03-21,-12.9,#1107
2008-03-21,-13.11,#1107
2009-03-21,,#1107
2010-03-21,-13.48,#1107
2011-03-21,-13.47,#1107
2012-03-21,-13.55,#1107
2013-03-21,-13.62,#1107
2014-03-21,-13.61,#1107
2015-03-21,-13.9,#1107
2016-03-21,-13.99,#1107
2017-03-21,-14.13,#1107
2018-03-21,-13.94,#1107
2019-03-21,-13.63,#1107
2020-03-21,-13.63,#1107
2001-03-21,-58.8,#1132
2002-03-21,-58.43,#1132
2003-03-21,-58.55,#1132
2004-03-21,-58.43,#1132
2005-03-21,-58.7,#1132
2006-03-21,-59.07,#1132
2007-03-21,-58.92,#1132
2008-03-21,-59.59,#1132
2009-03-21,-59.59,#1132
2010-03-21,-59.59,#1132
2011-03-21,-60.05,#1132
2012-03-21,-60.11,#1132
2013-03-21,-60.99,#1132
2014-03-21,-60.1,#1132
2015-03-21,-61.23,#1132
2016-03-21,-61.65,#1132
2017-03-21,-65.25,#1132
2018-03-21,,#1132
2019-03-21,-62.51,#1132
2020-03-21,-63.3,#1132
2001-03-21,-54.16,#1133
2002-03-21,-54.1,#1133
2003-03-21,-53.95,#1133
2004-03-21,-54.1,#1133
2005-03-21,-54.07,#1133
2006-03-21,-54.28,#1133
2007-03-21,-54.16,#1133
2008-03-21,-54.38,#1133
2009-03-21,-54.56,#1133
2010-03-21,-54.71,#1133
2011-03-21,,#1133
2012-03-21,-54.71,#1133
2013-03-21,-55.66,#1133
2014-03-21,-55.27,#1133
2015-03-21,-55.35,#1133
2016-03-21,-56.43,#1133
2017-03-21,-58.31,#1133
2018-03-21,-58.46,#1133
2019-03-21,,#1133
2020-03-21,-59.23,#1133
2001-03-21,-23.84,#1176
2002-03-21,-24.08,#1176
2003-03-21,-25.3,#1176
2004-03-21,-23.16,#1176
2005-03-21,,#1176
2006-03-21,-25.45,#1176
2007-03-21,,#1176
2008-03-21,-26.15,#1176
2009-03-21,-26.37,#1176
2010-03-21,-26.46,#1176
2011-03-21,-26.88,#1176
2012-03-21,-27.25,#1176
2013-03-21,-28.19,#1176
2014-03-21,-28.78,#1176
2015-03-21,-30.68,#1176
2016-03-21,-31.35,#1176
2017-03-21,-31.82,#1176
2018-03-21,-32.88,#1176
2019-03-21,-36.25,#1176
2020-03-21,-33.37,#1176
2001-03-21,-40.23,#1181
2002-03-21,-40.14,#1181
2003-03-21,-40.33,#1181
2004-03-21,-39.11,#1181
2005-03-21,,#1181
2006-03-21,-40.66,#1181
2007-03-21,-40.69,#1181
2008-03-21,-40.84,#1181
2009-03-21,-41.03,#1181
2010-03-21,-41.3,#1181
2011-03-21,-42.28,#1181
2012-03-21,-42.34,#1181
2013-03-21,-43.13,#1181
2014-03-21,-43.49,#1181
2015-03-21,-43.57,#1181
2016-03-21,-44.87,#1181
2017-03-21,-43.84,#1181
2018-03-21,-43.72,#1181
2019-03-21,-44.36,#1181
2020-03-21,-44.64,#1181
2001-03-21,-37.49,#1219
2002-03-21,-37.19,#1219
2003-03-21,-37.58,#1219
2004-03-21,-35.97,#1219
2005-03-21,,#1219
2006-03-21,-37.8,#1219
2007-03-21,,#1219
2008-03-21,-38.25,#1219
2009-03-21,-38.56,#1219
2010-03-21,-38.5,#1219
2011-03-21,-38.56,#1219
2012-03-21,-38.62,#1219
2013-03-21,-39.72,#1219
2014-03-21,-40.05,#1219
2015-03-21,-40.33,#1219
2016-03-21,-40.58,#1219
2017-03-21,-40.62,#1219
2018-03-21,-40.63,#1219
2019-03-21,-40.97,#1219
2020-03-21,-41.45,#1219
2001-03-21,-12.28,#152226
2002-03-21,-12.44,#152226
2003-03-21,-12.68,#152226
2004-03-21,-12.5,#152226
2005-03-21,,#152226
2006-03-21,-12.28,#152226
2007-03-21,-12.65,#152226
2008-03-21,-11.89,#152226
2009-03-21,-11.64,#152226
2010-03-21,-10.97,#152226
2011-03-21,-11.03,#152226
2012-03-21,-11.03,#152226
2013-03-21,-11.13,#152226
2014-03-21,-12.74,#152226
2015-03-21,-12.92,#152226
2016-03-21,-12.68,#152226
2017-03-21,-12.95,#152226
2018-03-21,-12.31,#152226
2019-03-21,-12.74,#152226
2020-03-21,-12.86,#152226
2001-03-21,-34.4,#349
2002-03-21,-34.63,#349
2003-03-21,-34.56,#349
2004-03-21,-34.59,#349
2005-03-21,-34.43,#349
2006-03-21,-34.45,#349
2007-03-21,-48.370000000000005,#349
2008-03-21,-34.59,#349
2009-03-21,-34.64,#349
2010-03-21,-34.61,#349
2011-03-21,-46.72,#349
2012-03-21,-46.955,#349
2013-03-21,-47.47,#349
2014-03-21,-47.675,#349
2015-03-21,-48.02,#349
2016-03-21,-48.34,#349
2017-03-21,-47.22,#349
2018-03-21,-48.88,#349
2019-03-21,-48.715,#349
2020-03-21,-34.43,#349
2001-03-21,-60.38,#417
2002-03-21,-60.53,#417
2003-03-21,-60.11,#417
2004-03-21,-60.26,#417
2005-03-21,-60.53,#417
2006-03-21,-60.62,#417
2007-03-21,-60.59,#417
2008-03-21,-59.95,#417
2009-03-21,,#417
2010-03-21,-60.655,#417
2011-03-21,,#417
2012-03-21,-60.84,#417
2013-03-21,-61.42,#417
2014-03-21,-60.96,#417
2015-03-21,-61.2,#417
2016-03-21,-61.42,#417
2017-03-21,-62.61,#417
2018-03-21,-61.6,#417
2019-03-21,-61.94,#417
2020-03-21,-62.18,#417
2001-03-21,-59.5,#424
2002-03-21,-59.47,#424
2003-03-21,-59.59,#424
2004-03-21,-59.59,#424
2005-03-21,-59.5,#424
2006-03-21,-59.89,#424
2007-03-21,-59.56,#424
2008-03-21,-58.8,#424
2009-03-21,,#424
2010-03-21,-58.43,#424
2011-03-21,-58.58,#424
2012-03-21,-58.25,#424
2013-03-21,-59.1,#424
2014-03-21,-59.19,#424
2015-03-21,-59.41,#424
2016-03-21,-58.67,#424
2017-03-21,-57.7,#424
2018-03-21,-57.3,#424
2019-03-21,-57.18,#424
2020-03-21,-56.94,#424
2001-03-21,-76.26,#427
2002-03-21,-76.35,#427
2003-03-21,-76.35,#427
2004-03-21,-76.2,#427
2005-03-21,-76.78,#427
2006-03-21,-76.72,#427
2007-03-21,-76.96,#427
2008-03-21,-77.18,#427
2009-03-21,,#427
2010-03-21,-77.36,#427
2011-03-21,,#427
2012-03-21,-77.48,#427
2013-03-21,-78.15,#427
2014-03-21,-78.36,#427
2015-03-21,-78.64,#427
2016-03-21,-78.58,#427
2017-03-21,-77.24,#427
2018-03-21,-76.35,#427
2019-03-21,-76.69,#427
2020-03-21,-76.81,#427
2001-03-21,-44.105,#428
2002-03-21,-44.43,#428
2003-03-21,-44.44,#428
2004-03-21,-44.46,#428
2005-03-21,-44.655,#428
2006-03-21,-8.0,#428
2007-03-21,-44.92,#428
2008-03-21,-44.95,#428
2009-03-21,-8.33,#428
2010-03-21,-45.55,#428
2011-03-21,-8.4,#428
2012-03-21,-45.915,#428
2013-03-21,-46.075,#428
2014-03-21,-46.015,#428
2015-03-21,-46.1,#428
2016-03-21,-45.875,#428
2017-03-21,-46.165,#428
2018-03-21,-45.975,#428
2019-03-21,-45.735,#428
2020-03-21,-45.125,#428
2001-03-21,-27.19,#437
2002-03-21,,#437
2003-03-21,-28.35,#437
2004-03-21,-28.96,#437
2005-03-21,-29.57,#437
2006-03-21,-30.18,#437
2007-03-21,,#437
2008-03-21,-31.39,#437
2009-03-21,-31.64,#437
2010-03-21,-31.58,#437
2011-03-21,-31.7,#437
2012-03-21,-31.76,#437
2013-03-21,-32.0,#437
2014-03-21,-32.28,#437
2015-03-21,-32.4,#437
2016-03-21,-33.04,#437
2017-03-21,-33.38,#437
2018-03-21,-33.53,#437
2019-03-21,-33.38,#437
2020-03-21,-34.5,#437
2001-03-21,-22.13,#438
2002-03-21,,#438
2003-03-21,-22.95,#438
2004-03-21,-23.65,#438
2005-03-21,-24.29,#438
2006-03-21,-24.99,#438
2007-03-21,,#438
2008-03-21,-26.0,#438
2009-03-21,-26.12,#438
2010-03-21,-26.15,#438
2011-03-21,-26.15,#438
2012-03-21,-26.76,#438
2013-03-21,-27.34,#438
2014-03-21,-27.55,#438
2015-03-21,-28.07,#438
2016-03-21,-28.41,#438
2017-03-21,-28.5,#438
2018-03-21,-28.65,#438
2019-03-21,-28.9,#438
2020-03-21,-29.9,#438
2001-03-21,-21.03,#439
2002-03-21,,#439
2003-03-21,-22.07,#439
2004-03-21,-22.4,#439
2005-03-21,-23.38,#439
2006-03-21,-23.87,#439
2007-03-21,,#439
2008-03-21,-25.54,#439
2009-03-21,-25.79,#439
2010-03-21,-25.73,#439
2011-03-21,-25.85,#439
2012-03-21,-26.21,#439
2013-03-21,-26.7,#439
2014-03-21,-26.91,#439
2015-03-21,-27.31,#439
2016-03-21,-28.1,#439
2017-03-21,-28.29,#439
2018-03-21,-28.5,#439
2019-03-21,-28.93,#439
2020-03-21,-29.14,#439
2001-03-21,-33.53,#440
2002-03-21,,#440
2003-03-21,-34.5,#440
2004-03-21,-35.3,#440
2005-03-21,-35.54,#440
2006-03-21,-36.45,#440
2007-03-21,,#440
2008-03-21,-37.49,#440
2009-03-21,-37.89,#440
2010-03-21,-38.01,#440
2011-03-21,-38.07,#440
2012-03-21,-38.25,#440
2013-03-21,-39.29,#440
2014-03-21,-39.44,#440
2015-03-21,-39.68,#440
2016-03-21,-39.87,#440
2017-03-21,-40.84,#440
2018-03-21,-40.66,#440
2019-03-21,-40.75,#440
2020-03-21,-41.3,#440
2001-03-21,-38.1,#441
2002-03-21,,#441
2003-03-21,-38.83,#441
2004-03-21,-40.17,#441
2005-03-21,-40.84,#441
2006-03-21,-40.66,#441
2007-03-21,,#441
2008-03-21,-41.82,#441
2009-03-21,-42.34,#441
2010-03-21,-42.43,#441
2011-03-21,-42.61,#441
2012-03-21,-42.46,#441
2013-03-21,-42.58,#441
2014-03-21,-42.79,#441
2015-03-21,-42.73,#441
2016-03-21,-43.04,#441
2017-03-21,-43.04,#441
2018-03-21,-42.67,#441
2019-03-21,-42.95,#441
2020-03-21,-43.04,#441
2001-03-21,-50.87,#449
2002-03-21,,#449
2003-03-21,-51.69,#449
2004-03-21,-52.36,#449
2005-03-21,-52.79,#449
2006-03-21,-53.49,#449
2007-03-21,-53.95,#449
2008-03-21,-54.56,#449
2009-03-21,,#449
2010-03-21,-54.8,#449
2011-03-21,-55.08,#449
2012-03-21,-55.26,#449
2013-03-21,-55.66,#449
2014-03-21,-55.81,#449
2015-03-21,-56.14,#449
2016-03-21,-56.36,#449
2017-03-21,-56.08,#449
2018-03-21,-56.24,#449
2019-03-21,-56.45,#449
2020-03-21,-57.12,#449
2001-03-21,-65.26,#451
2002-03-21,,#451
2003-03-21,-65.14,#451
2004-03-21,-64.95,#451
2005-03-21,-65.87,#451
2006-03-21,-65.53,#451
2007-03-21,-65.53,#451
2008-03-21,-65.41,#451
2009-03-21,,#451
2010-03-21,-65.41,#451
2011-03-21,-64.92,#451
2012-03-21,-65.11,#451
2013-03-21,-65.62,#451
2014-03-21,-65.9,#451
2015-03-21,-66.54,#451
2016-03-21,-65.32,#451
2017-03-21,-65.93,#451
2018-03-21,-65.84,#451
2019-03-21,-66.2,#451
2020-03-21,-66.75,#451
2001-03-21,-35.05,#457
2002-03-21,,#457
2003-03-21,-38.56,#457
2004-03-21,-37.61,#457
2005-03-21,-38.86,#457
2006-03-21,-39.2,#457
2007-03-21,-39.32,#457
2008-03-21,-40.08,#457
2009-03-21,-41.15,#457
2010-03-21,-43.71,#457
2011-03-21,-44.1,#457
2012-03-21,-44.2,#457
2013-03-21,-45.11,#457
2014-03-21,-44.87,#457
2015-03-21,-44.9,#457
2016-03-21,-44.81,#457
2017-03-21,,#457
2018-03-21,-45.99,#457
2019-03-21,-45.87,#457
2020-03-21,-46.27,#457
2001-03-21,-40.93,#461
2002-03-21,,#461
2003-03-21,-42.06,#461
2004-03-21,-42.73,#461
2005-03-21,-43.34,#461
2006-03-21,-43.89,#461
2007-03-21,-44.47,#461
2008-03-21,-45.26,#461
2009-03-21,-50.26,#461
2010-03-21,-50.38,#461
2011-03-21,-50.6,#461
2012-03-21,-49.56,#461
2013-03-21,-50.41,#461
2014-03-21,-50.47,#461
2015-03-21,-50.69,#461
2016-03-21,-51.39,#461
2017-03-21,,#461
2018-03-21,-52.09,#461
2019-03-21,-52.79,#461
2020-03-21,-51.66,#461
2001-03-21,-48.01,#477
2002-03-21,-47.88,#477
2003-03-21,-48.01,#477
2004-03-21,-48.13,#477
2005-03-21,-48.01,#477
2006-03-21,-48.01,#477
2007-03-21,-47.85,#477
2008-03-21,-48.01,#477
2009-03-21,,#477
2010-03-21,-47.61,#477
2011-03-21,-47.64,#477
2012-03-21,-47.91,#477
2013-03-21,-48.62,#477
2014-03-21,-49.1,#477
2015-03-21,-49.41,#477
2016-03-21,-49.9,#477
2017-03-21,-50.32,#477
2018-03-21,-50.57,#477
2019-03-21,-51.05,#477
2020-03-21,-50.72,#477
2001-03-21,-38.95,#478
2002-03-21,,#478
2003-03-21,-39.99,#478
2004-03-21,-40.84,#478
2005-03-21,-41.57,#478
2006-03-21,-42.21,#478
2007-03-21,-42.64,#478
2008-03-21,-43.43,#478
2009-03-21,,#478
2010-03-21,-44.23,#478
2011-03-21,-44.23,#478
2012-03-21,-44.71,#478
2013-03-21,-45.35,#478
2014-03-21,-45.23,#478
2015-03-21,-45.35,#478
2016-03-21,-45.66,#478
2017-03-21,-45.57,#478
2018-03-21,-46.06,#478
2019-03-21,-46.33,#478
2020-03-21,-46.79,#478
2001-03-21,-35.69,#479
2002-03-21,,#479
2003-03-21,-37.28,#479
2004-03-21,-37.83,#479
2005-03-21,-38.65,#479
2006-03-21,-39.04,#479
2007-03-21,-39.41,#479
2008-03-21,-39.87,#479
2009-03-21,,#479
2010-03-21,-41.09,#479
2011-03-21,-41.27,#479
2012-03-21,-42.09,#479
2013-03-21,-42.67,#479
2014-03-21,-42.79,#479
2015-03-21,-43.31,#479
2016-03-21,-43.71,#479
2017-03-21,-43.92,#479
2018-03-21,-44.44,#479
2019-03-21,-44.1,#479
2020-03-21,-43.46,#479
2001-03-21,-37.52,#481
2002-03-21,,#481
2003-03-21,-40.11,#481
2004-03-21,-39.56,#481
2005-03-21,-40.51,#481
2006-03-21,-41.06,#481
2007-03-21,-41.0,#481
2008-03-21,-41.61,#481
2009-03-21,,#481
2010-03-21,-41.64,#481
2011-03-21,-41.76,#481
2012-03-21,-42.15,#481
2013-03-21,-44.23,#481
2014-03-21,-44.32,#481
2015-03-21,-44.35,#481
2016-03-21,-44.47,#481
2017-03-21,-44.59,#481
2018-03-21,-45.72,#481
2019-03-21,-45.99,#481
2020-03-21,-46.57,#481
2001-03-21,-46.54,#483
2002-03-21,-47.0,#483
2003-03-21,-48.49,#483
2004-03-21,-49.29,#483
2005-03-21,-48.83,#483
2006-03-21,-49.87,#483
2007-03-21,-49.9,#483
2008-03-21,-49.9,#483
2009-03-21,,#483
2010-03-21,-50.6,#483
2011-03-21,-51.24,#483
2012-03-21,-51.51,#483
2013-03-21,-53.07,#483
2014-03-21,-53.25,#483
2015-03-21,-54.055,#483
2016-03-21,,#483
2017-03-21,-54.47,#483
2018-03-21,-54.77,#483
2019-03-21,-55.38,#483
2020-03-21,-55.26,#483
2001-03-21,-47.7,#486
2002-03-21,-48.62,#486
2003-03-21,-48.31,#486
2004-03-21,-49.04,#486
2005-03-21,-49.83,#486
2006-03-21,-50.08,#486
2007-03-21,-49.93,#486
2008-03-21,-49.99,#486
2009-03-21,,#486
2010-03-21,-50.08,#486
2011-03-21,-49.83,#486
2012-03-21,-49.68,#486
2013-03-21,-49.5,#486
2014-03-21,-49.65,#486
2015-03-21,-49.68,#486
2016-03-21,-49.74,#486
2017-03-21,-50.14,#486
2018-03-21,-50.6,#486
2019-03-21,-50.9,#486
2020-03-21,-51.08,#486
2001-03-21,-45.11,#487
2002-03-21,-45.32,#487
2003-03-21,-46.66,#487
2004-03-21,-45.75,#487
2005-03-21,-46.27,#487
2006-03-21,-46.57,#487
2007-03-21,-46.94,#487
2008-03-21,-47.4,#487
2009-03-21,,#487
2010-03-21,-46.48,#487
2011-03-21,-46.57,#487
2012-03-21,-46.7,#487
2013-03-21,-47.55,#487
2014-03-21,-47.73,#487
2015-03-21,-47.95,#487
2016-03-21,-48.55,#487
2017-03-21,-48.71,#487
2018-03-21,-48.62,#487
2019-03-21,-49.01,#487
2020-03-21,-48.74,#487
2001-03-21,-35.36,#490
2002-03-21,-35.3,#490
2003-03-21,-35.57,#490
2004-03-21,-35.57,#490
2005-03-21,-35.63,#490
2006-03-21,-35.72,#490
2007-03-21,-35.81,#490
2008-03-21,-36.36,#490
2009-03-21,,#490
2010-03-21,-36.3,#490
2011-03-21,-36.24,#490
2012-03-21,-36.18,#490
2013-03-21,-36.61,#490
2014-03-21,-36.52,#490
2015-03-21,-37.09,#490
2016-03-21,-37.0,#490
2017-03-21,-37.16,#490
2018-03-21,-37.16,#490
2019-03-21,-38.01,#490
2020-03-21,-40.17,#490
2001-03-21,-61.05,#496
2002-03-21,-61.39,#496
2003-03-21,-61.17,#496
2004-03-21,-61.87,#496
2005-03-21,-62.24,#496
2006-03-21,-62.45,#496
2007-03-21,-62.79,#496
2008-03-21,-62.94,#496
2009-03-21,,#496
2010-03-21,-62.73,#496
2011-03-21,-62.58,#496
2012-03-21,-62.45,#496
2013-03-21,-62.61,#496
2014-03-21,-62.76,#496
2015-03-21,-62.85,#496
2016-03-21,-63.06,#496
2017-03-21,-62.61,#496
2018-03-21,-62.79,#496
2019-03-21,-63.15,#496
2020-03-21,-63.06,#496
2001-03-21,-63.28,#498
2002-03-21,-63.64,#498
2003-03-21,-63.89,#498
2004-03-21,-63.79,#498
2005-03-21,-64.13,#498
2006-03-21,,#498
2007-03-21,-64.47,#498
2008-03-21,-64.68,#498
2009-03-21,,#498
2010-03-21,-64.89,#498
2011-03-21,-65.11,#498
2012-03-21,-64.83,#498
2013-03-21,-65.14,#498
2014-03-21,-65.11,#498
2015-03-21,-65.35,#498
2016-03-21,-65.78,#498
2017-03-21,-66.02,#498
2018-03-21,-65.9,#498
2019-03-21,-65.87,#498
2020-03-21,-65.47,#498
2001-03-21,-56.08,#499
2002-03-21,-56.54,#499
2003-03-21,-56.42,#499
2004-03-21,-55.84,#499
2005-03-21,-55.72,#499
2006-03-21,,#499
2007-03-21,-56.11,#499
2008-03-21,-56.39,#499
2009-03-21,,#499
2010-03-21,-55.99,#499
2011-03-21,-56.11,#499
2012-03-21,-56.17,#499
2013-03-21,-57.06,#499
2014-03-21,-56.66,#499
2015-03-21,-57.0,#499
2016-03-21,-57.58,#499
2017-03-21,-58.0,#499
2018-03-21,-57.49,#499
2019-03-21,-57.61,#499
2020-03-21,-57.97,#499
2001-03-21,-74.22,#514
2002-03-21,-74.4,#514
2003-03-21,-75.44,#514
2004-03-21,-73.15,#514
2005-03-21,-73.3,#514
2006-03-21,,#514
2007-03-21,-73.15,#514
2008-03-21,-73.55,#514
2009-03-21,,#514
2010-03-21,-72.94,#514
2011-03-21,-73.21,#514
2012-03-21,-73.18,#514
2013-03-21,-73.85,#514
2014-03-21,-73.91,#514
2015-03-21,-73.85,#514
2016-03-21,-74.31,#514
2017-03-21,-74.8,#514
2018-03-21,-74.83,#514
2019-03-21,-76.05,#514
2020-03-21,-76.75,#514
2001-03-21,-49.32,#565
2002-03-21,,#565
2003-03-21,-52.82,#565
2004-03-21,-53.0,#565
2005-03-21,-52.3,#565
2006-03-21,-52.46,#565
2007-03-21,-52.7,#565
2008-03-21,-53.04,#565
2009-03-21,,#565
2010-03-21,-53.34,#565
2011-03-21,-53.52,#565
2012-03-21,-53.64,#565
2013-03-21,-54.1,#565
2014-03-21,-54.44,#565
2015-03-21,-54.56,#565
2016-03-21,-54.83,#565
2017-03-21,-55.47,#565
2018-03-21,-55.44,#565
2019-03-21,-55.63,#565
2020-03-21,-55.78,#565
2001-03-21,-53.04,#566
2002-03-21,,#566
2003-03-21,-54.99,#566
2004-03-21,-55.14,#566
2005-03-21,-55.08,#566
2006-03-21,-55.57,#566
2007-03-21,-56.05,#566
2008-03-21,-56.51,#566
2009-03-21,,#566
2010-03-21,-56.94,#566
2011-03-21,-57.06,#566
2012-03-21,-57.24,#566
2013-03-21,-57.42,#566
2014-03-21,-57.7,#566
2015-03-21,-57.88,#566
2016-03-21,-57.97,#566
2017-03-21,-58.64,#566
2018-03-21,-58.46,#566
2019-03-21,-58.55,#566
2020-03-21,-58.98,#566
2001-03-21,-34.805,#572
2002-03-21,-44.95,#572
2003-03-21,-35.935,#572
2004-03-21,-44.39,#572
2005-03-21,-43.84,#572
2006-03-21,-35.53,#572
2007-03-21,-45.93,#572
2008-03-21,-36.7,#572
2009-03-21,-44.65,#572
2010-03-21,-33.42,#572
2011-03-21,-33.59,#572
2012-03-21,-34.075,#572
2013-03-21,-34.43,#572
2014-03-21,-34.87,#572
2015-03-21,-35.545,#572
2016-03-21,-35.64,#572
2017-03-21,-35.63,#572
2018-03-21,-35.04,#572
2019-03-21,-35.09,#572
2020-03-21,-35.39,#572
2001-03-21,-13.08,#673
2002-03-21,-13.14,#673
2003-03-21,,#673
2004-03-21,-13.38,#673
2005-03-21,-13.41,#673
2006-03-21,-13.81,#673
2007-03-21,,#673
2008-03-21,-13.72,#673
2009-03-21,-14.11,#673
2010-03-21,-14.2,#673
2011-03-21,-14.26,#673
2012-03-21,-13.87,#673
2013-03-21,-15.36,#673
2014-03-21,-15.61,#673
2015-03-21,-15.42,#673
2016-03-21,-15.0,#673
2017-03-21,-14.87,#673
2018-03-21,-14.26,#673
2019-03-21,-15.0,#673
2020-03-21,-15.54,#673
2001-03-21,-10.33,#675
2002-03-21,-10.3,#675
2003-03-21,,#675
2004-03-21,-10.73,#675
2005-03-21,-10.67,#675
2006-03-21,-11.0,#675
2007-03-21,,#675
2008-03-21,-11.06,#675
2009-03-21,-11.28,#675
2010-03-21,-10.85,#675
2011-03-21,-14.17,#675
2012-03-21,-11.25,#675
2013-03-21,-11.98,#675
2014-03-21,-12.22,#675
2015-03-21,-12.04,#675
2016-03-21,-11.61,#675
2017-03-21,-11.49,#675
2018-03-21,-11.37,#675
2019-03-21,-11.92,#675
2020-03-21,-12.86,#675
2001-03-21,-63.79,#689
2002-03-21,-63.67,#689
2003-03-21,-64.25,#689
2004-03-21,-64.13,#689
2005-03-21,-64.28,#689
2006-03-21,-64.47,#689
2007-03-21,,#689
2008-03-21,-66.39,#689
2009-03-21,,#689
2010-03-21,-68.73,#689
2011-03-21,-68.28,#689
2012-03-21,-68.64,#689
2013-03-21,-73.15,#689
2014-03-21,-72.91,#689
2015-03-21,-73.03,#689
2016-03-21,-73.21,#689
2017-03-21,-72.79,#689
2018-03-21,-72.97,#689
2019-03-21,-72.48,#689
2020-03-21,-72.54,#689
2001-03-21,-3.41,#691
2002-03-21,-3.11,#691
2003-03-21,-3.96,#691
2004-03-21,-3.99,#691
2005-03-21,,#691
2006-03-21,-3.99,#691
2007-03-21,-4.39,#691
2008-03-21,-4.27,#691
2009-03-21,-4.08,#691
2010-03-21,-3.69,#691
2011-03-21,-2.96,#691
2012-03-21,-3.17,#691
2013-03-21,-3.72,#691
2014-03-21,-3.57,#691
2015-03-21,-3.41,#691
2016-03-21,-3.6,#691
2017-03-21,-3.41,#691
2018-03-21,-2.44,#691
2019-03-21,-2.5,#691
2020-03-21,-3.47,#691
2001-03-21,-37.31,#692
2002-03-21,-37.49,#692
2003-03-21,-38.4,#692
2004-03-21,-38.86,#692
2005-03-21,-39.01,#692
2006-03-21,-39.47,#692
2007-03-21,-39.47,#692
2008-03-21,-39.47,#692
2009-03-21,-40.17,#692
2010-03-21,,#692
2011-03-21,-41.15,#692
2012-03-21,-41.06,#692
2013-03-21,-45.93,#692
2014-03-21,-46.48,#692
2015-03-21,-46.91,#692
2016-03-21,-47.03,#692
2017-03-21,-47.55,#692
2018-03-21,-46.36,#692
2019-03-21,-47.03,#692
2020-03-21,-47.24,#692
2001-03-21,-40.54,#696
2002-03-21,-40.66,#696
2003-03-21,-41.45,#696
2004-03-21,-41.91,#696
2005-03-21,-42.4,#696
2006-03-21,-43.43,#696
2007-03-21,-44.23,#696
2008-03-21,-44.96,#696
2009-03-21,-44.87,#696
2010-03-21,-44.99,#696
2011-03-21,-45.57,#696
2012-03-21,-45.63,#696
2013-03-21,-48.25,#696
2014-03-21,-49.29,#696
2015-03-21,-50.08,#696
2016-03-21,-50.51,#696
2017-03-21,-50.99,#696
2018-03-21,-51.05,#696
2019-03-21,-52.27,#696
2020-03-21,,#696
2001-03-21,-5.88,#698
2002-03-21,-5.91,#698
2003-03-21,-6.1,#698
2004-03-21,-6.28,#698
2005-03-21,,#698
2006-03-21,-6.19,#698
2007-03-21,-6.31,#698
2008-03-21,-6.25,#698
2009-03-21,-6.34,#698
2010-03-21,-5.3,#698
2011-03-21,-5.94,#698
2012-03-21,-5.27,#698
2013-03-21,-5.27,#698
2014-03-21,-5.49,#698
2015-03-21,-5.33,#698
2016-03-21,-5.03,#698
2017-03-21,-5.03,#698
2018-03-21,-5.64,#698
2019-03-21,-5.94,#698
2020-03-21,-5.79,#698
2001-03-21,-16.43,#699
2002-03-21,-16.15,#699
2003-03-21,-16.49,#699
2004-03-21,-16.43,#699
2005-03-21,,#699
2006-03-21,-16.43,#699
2007-03-21,-16.18,#699
2008-03-21,-16.43,#699
2009-03-21,-16.58,#699
2010-03-21,-16.46,#699
2011-03-21,-16.46,#699
2012-03-21,-16.76,#699
2013-03-21,-17.68,#699
2014-03-21,-17.83,#699
2015-03-21,-17.98,#699
2016-03-21,-18.59,#699
2017-03-21,-18.47,#699
2018-03-21,-18.59,#699
2019-03-21,-18.84,#699
2020-03-21,-19.2,#699
2001-03-21,-6.52,#700
2002-03-21,-6.13,#700
2003-03-21,-6.86,#700
2004-03-21,-6.86,#700
2005-03-21,,#700
2006-03-21,-6.83,#700
2007-03-21,-6.83,#700
2008-03-21,-6.64,#700
2009-03-21,-6.64,#700
2010-03-21,-6.71,#700
2011-03-21,-6.71,#700
2012-03-21,-6.55,#700
2013-03-21,-6.86,#700
2014-03-21,-6.92,#700
2015-03-21,-6.61,#700
2016-03-21,-6.8,#700
2017-03-21,-6.86,#700
2018-03-21,-6.86,#700
2019-03-21,-7.47,#700
2020-03-21,-7.01,#700
2001-03-21,-4.63,#705
2002-03-21,-4.6,#705
2003-03-21,,#705
2004-03-21,-4.69,#705
2005-03-21,-4.6,#705
2006-03-21,-4.63,#705
2007-03-21,-4.63,#705
2008-03-21,-6.4,#705
2009-03-21,,#705
2010-03-21,-6.55,#705
2011-03-21,-6.55,#705
2012-03-21,-6.46,#705
2013-03-21,-6.71,#705
2014-03-21,-7.01,#705
2015-03-21,-6.95,#705
2016-03-21,-7.13,#705
2017-03-21,-7.25,#705
2018-03-21,-7.32,#705
2019-03-21,-7.25,#705
2020-03-21,-7.19,#705
2001-03-21,-7.71,#714
2002-03-21,-7.62,#714
2003-03-21,-7.65,#714
2004-03-21,-7.62,#714
2005-03-21,-7.62,#714
2006-03-21,-9.14,#714
2007-03-21,,#714
2008-03-21,-9.72,#714
2009-03-21,-9.27,#714
2010-03-21,-9.48,#714
2011-03-21,-9.27,#714
2012-03-21,-9.57,#714
2013-03-21,-10.18,#714
2014-03-21,-10.42,#714
2015-03-21,-10.33,#714
2016-03-21,-10.55,#714
2017-03-21,-10.12,#714
2018-03-21,-9.94,#714
2019-03-21,-9.88,#714
2020-03-21,-9.94,#714
2001-03-21,-28.215,#715
2002-03-21,-28.615,#715
2003-03-21,-28.545,#715
2004-03-21,-28.51,#715
2005-03-21,-54.0,#715
2006-03-21,-28.615,#715
2007-03-21,-28.85,#715
2008-03-21,-29.37,#715
2009-03-21,-29.13,#715
2010-03-21,-29.105,#715
2011-03-21,-29.27,#715
2012-03-21,-29.505,#715
2013-03-21,-31.84,#715
2014-03-21,-31.74,#715
2015-03-21,-32.035000000000004,#715
2016-03-21,-32.29,#715
2017-03-21,-32.38,#715
2018-03-21,-32.355000000000004,#715
2019-03-21,-32.365,#715
2020-03-21,-32.525,#715
2001-03-21,-52.7,#718
2002-03-21,-52.76,#718
2003-03-21,,#718
2004-03-21,-54.5,#718
2005-03-21,,#718
2006-03-21,-55.41,#718
2007-03-21,-55.17,#718
2008-03-21,-55.38,#718
2009-03-21,-56.33,#718
2010-03-21,-56.39,#718
2011-03-21,-56.75,#718
2012-03-21,-56.85,#718
2013-03-21,-61.26,#718
2014-03-21,-60.66,#718
2015-03-21,-60.72,#718
2016-03-21,-60.66,#718
2017-03-21,-61.26,#718
2018-03-21,-61.33,#718
2019-03-21,-62.0,#718
2020-03-21,-61.87,#718
2001-03-21,-33.28,#719
2002-03-21,-33.53,#719
2003-03-21,-34.41,#719
2004-03-21,-34.87,#719
2005-03-21,,#719
2006-03-21,-36.39,#719
2007-03-21,-35.78,#719
2008-03-21,-36.24,#719
2009-03-21,-37.46,#719
2010-03-21,-37.46,#719
2011-03-21,-38.04,#719
2012-03-21,-38.1,#719
2013-03-21,-43.22,#719
2014-03-21,-42.73,#719
2015-03-21,-42.92,#719
2016-03-21,-42.79,#719
2017-03-21,-42.55,#719
2018-03-21,-42.85,#719
2019-03-21,-43.95,#719
2020-03-21,-43.89,#719
2001-03-21,-38.22,#721
2002-03-21,,#721
2003-03-21,,#721
2004-03-21,-40.2,#721
2005-03-21,-40.81,#721
2006-03-21,-41.61,#721
2007-03-21,-41.91,#721
2008-03-21,-42.21,#721
2009-03-21,-42.52,#721
2010-03-21,-42.73,#721
2011-03-21,-42.82,#721
2012-03-21,-42.95,#721
2013-03-21,-48.07,#721
2014-03-21,-48.52,#721
2015-03-21,-48.74,#721
2016-03-21,-48.19,#721
2017-03-21,-49.04,#721
2018-03-21,-49.13,#721
2019-03-21,-49.1,#721
2020-03-21,-49.5,#721
2001-03-21,-40.33,#725
2002-03-21,,#725
2003-03-21,,#725
2004-03-21,-42.61,#725
2005-03-21,-43.49,#725
2006-03-21,-43.01,#725
2007-03-21,-43.89,#725
2008-03-21,-43.68,#725
2009-03-21,-43.95,#725
2010-03-21,-44.04,#725
2011-03-21,-44.44,#725
2012-03-21,-44.38,#725
2013-03-21,-46.63,#725
2014-03-21,-46.33,#725
2015-03-21,-46.18,#725
2016-03-21,-47.24,#725
2017-03-21,-47.61,#725
2018-03-21,-47.55,#725
2019-03-21,-48.16,#725
2020-03-21,-48.34,#725
2001-03-21,-45.45,#726
2002-03-21,-45.72,#726
2003-03-21,-46.88,#726
2004-03-21,-47.46,#726
2005-03-21,,#726
2006-03-21,-47.95,#726
2007-03-21,-48.46,#726
2008-03-21,,#726
2009-03-21,-50.11,#726
2010-03-21,-50.66,#726
2011-03-21,-50.9,#726
2012-03-21,-51.05,#726
2013-03-21,-56.24,#726
2014-03-21,-55.9,#726
2015-03-21,-55.78,#726
2016-03-21,-55.84,#726
2017-03-21,-56.24,#726
2018-03-21,-56.39,#726
2019-03-21,-56.08,#726
2020-03-21,-55.78,#726
2001-03-21,-41.12,#727
2002-03-21,-41.27,#727
2003-03-21,-42.03,#727
2004-03-21,-42.37,#727
2005-03-21,-43.59,#727
2006-03-21,-45.08,#727
2007-03-21,-45.2,#727
2008-03-21,-45.42,#727
2009-03-21,-46.36,#727
2010-03-21,-45.96,#727
2011-03-21,-45.9,#727
2012-03-21,-46.02,#727
2013-03-21,-50.9,#727
2014-03-21,-50.54,#727
2015-03-21,-50.41,#727
2016-03-21,-50.6,#727
2017-03-21,-51.02,#727
2018-03-21,-50.9,#727
2019-03-21,-42.73,#727
2020-03-21,-52.49,#727
2001-03-21,-36.03,#728
2002-03-21,-36.24,#728
2003-03-21,-37.16,#728
2004-03-21,-37.95,#728
2005-03-21,,#728
2006-03-21,-39.04,#728
2007-03-21,-38.77,#728
2008-03-21,-39.23,#728
2009-03-21,-39.32,#728
2010-03-21,-38.95,#728
2011-03-21,-39.14,#728
2012-03-21,-39.26,#728
2013-03-21,-42.67,#728
2014-03-21,-42.06,#728
2015-03-21,-41.97,#728
2016-03-21,-42.21,#728
2017-03-21,-42.73,#728
2018-03-21,-42.12,#728
2019-03-21,-42.37,#728
2020-03-21,-42.82,#728
2001-03-21,-45.45,#730
2002-03-21,-45.78,#730
2003-03-21,-46.12,#730
2004-03-21,-46.36,#730
2005-03-21,-46.42,#730
2006-03-21,-47.37,#730
2007-03-21,-47.73,#730
2008-03-21,-48.34,#730
2009-03-21,,#730
2010-03-21,-47.98,#730
2011-03-21,-48.04,#730
2012-03-21,-48.16,#730
2013-03-21,-51.57,#730
2014-03-21,-51.02,#730
2015-03-21,-50.9,#730
2016-03-21,-50.78,#730
2017-03-21,-51.21,#730
2018-03-21,-50.9,#730
2019-03-21,-51.02,#730
2020-03-21,-51.33,#730
2001-03-21,-48.16,#732
2002-03-21,-48.46,#732
2003-03-21,-49.29,#732
2004-03-21,-49.53,#732
2005-03-21,-50.54,#732
2006-03-21,-49.77,#732
2007-03-21,-49.38,#732
2008-03-21,-49.99,#732
2009-03-21,-49.77,#732
2010-03-21,-49.62,#732
2011-03-21,-49.99,#732
2012-03-21,-50.11,#732
2013-03-21,-55.47,#732
2014-03-21,-55.63,#732
2015-03-21,-55.47,#732
2016-03-21,-55.63,#732
2017-03-21,-55.78,#732
2018-03-21,-55.9,#732
2019-03-21,-54.8,#732
2020-03-21,-55.84,#732
2001-03-21,-49.16,#733
2002-03-21,-49.38,#733
2003-03-21,,#733
2004-03-21,-51.15,#733
2005-03-21,,#733
2006-03-21,-51.48,#733
2007-03-21,-51.91,#733
2008-03-21,-52.06,#733
2009-03-21,-52.12,#733
2010-03-21,-52.12,#733
2011-03-21,-52.67,#733
2012-03-21,-52.15,#733
2013-03-21,-53.58,#733
2014-03-21,-53.43,#733
2015-03-21,-53.55,#733
2016-03-21,-54.04,#733
2017-03-21,-54.96,#733
2018-03-21,-54.96,#733
2019-03-21,-55.81,#733
2020-03-21,-56.02,#733
2001-03-21,-47.06,#734
2002-03-21,-47.09,#734
2003-03-21,-47.73,#734
2004-03-21,-48.19,#734
2005-03-21,-48.8,#734
2006-03-21,-49.1,#734
2007-03-21,-49.16,#734
2008-03-21,-49.83,#734
2009-03-21,-50.08,#734
2010-03-21,-49.99,#734
2011-03-21,-50.2,#734
2012-03-21,-50.26,#734
2013-03-21,-55.02,#734
2014-03-21,-54.71,#734
2015-03-21,-54.59,#734
2016-03-21,-54.77,#734
2017-03-21,-55.32,#734
2018-03-21,-55.57,#734
2019-03-21,-55.93,#734
2020-03-21,-56.21,#734
2001-03-21,-45.75,#735
2002-03-21,-45.9,#735
2003-03-21,-46.18,#735
2004-03-21,,#735
2005-03-21,-46.48,#735
2006-03-21,-46.94,#735
2007-03-21,-46.82,#735
2008-03-21,-47.06,#735
2009-03-21,-47.43,#735
2010-03-21,-47.24,#735
2011-03-21,-47.46,#735
2012-03-21,-47.7,#735
2013-03-21,-48.62,#735
2014-03-21,-49.59,#735
2015-03-21,-49.65,#735
2016-03-21,-47.4,#735
2017-03-21,-47.85,#735
2018-03-21,-48.16,#735
2019-03-21,-49.23,#735
2020-03-21,-48.46,#735
2001-03-21,-8.84,#736
2002-03-21,-8.63,#736
2003-03-21,-8.66,#736
2004-03-21,-8.81,#736
2005-03-21,,#736
2006-03-21,-10.82,#736
2007-03-21,-11.98,#736
2008-03-21,-13.2,#736
2009-03-21,-13.14,#736
2010-03-21,-12.19,#736
2011-03-21,-12.13,#736
2012-03-21,-12.5,#736
2013-03-21,-13.11,#736
2014-03-21,-12.95,#736
2015-03-21,-12.92,#736
2016-03-21,-12.07,#736
2017-03-21,-12.01,#736
2018-03-21,-11.89,#736
2019-03-21,,#736
2020-03-21,-13.47,#736
2001-03-21,-29.93,#737
2002-03-21,-29.87,#737
2003-03-21,-29.87,#737
2004-03-21,-30.21,#737
2005-03-21,-30.54,#737
2006-03-21,-30.42,#737
2007-03-21,-30.33,#737
2008-03-21,-30.72,#737
2009-03-21,-30.91,#737
2010-03-21,-30.97,#737
2011-03-21,-30.97,#737
2012-03-21,-31.21,#737
2013-03-21,-31.36,#737
2014-03-21,-31.27,#737
2015-03-21,-31.39,#737
2016-03-21,-31.21,#737
2017-03-21,-31.21,#737
2018-03-21,-31.21,#737
2019-03-21,-31.46,#737
2020-03-21,-31.88,#737
2001-03-21,-8.84,#739
2002-03-21,-8.56,#739
2003-03-21,-8.66,#739
2004-03-21,-8.81,#739
2005-03-21,,#739
2006-03-21,-8.84,#739
2007-03-21,-8.81,#739
2008-03-21,-8.81,#739
2009-03-21,-7.38,#739
2010-03-21,-8.53,#739
2011-03-21,-8.6,#739
2012-03-21,-8.69,#739
2013-03-21,-9.08,#739
2014-03-21,-8.23,#739
2015-03-21,-8.87,#739
2016-03-21,-9.14,#739
2017-03-21,-9.14,#739
2018-03-21,-9.14,#739
2019-03-21,-8.99,#739
2020-03-21,-9.45,#739
2001-03-21,-8.32,#740
2002-03-21,-8.6,#740
2003-03-21,-8.69,#740
2004-03-21,-8.78,#740
2005-03-21,,#740
2006-03-21,-8.66,#740
2007-03-21,-8.6,#740
2008-03-21,-8.78,#740
2009-03-21,-8.69,#740
2010-03-21,-8.53,#740
2011-03-21,-8.47,#740
2012-03-21,-8.78,#740
2013-03-21,-8.78,#740
2014-03-21,-8.53,#740
2015-03-21,-9.14,#740
2016-03-21,-9.24,#740
2017-03-21,-9.2,#740
2018-03-21,-9.63,#740
2019-03-21,-9.69,#740
2020-03-21,-10.06,#740
2001-03-21,-55.29,#741
2002-03-21,-55.23,#741
2003-03-21,-55.26,#741
2004-03-21,-55.32,#741
2005-03-21,,#741
2006-03-21,-55.87,#741
2007-03-21,-56.24,#741
2008-03-21,-56.39,#741
2009-03-21,-56.33,#741
2010-03-21,-56.24,#741
2011-03-21,-56.08,#741
2012-03-21,-56.33,#741
2013-03-21,-56.94,#741
2014-03-21,-57.3,#741
2015-03-21,-57.42,#741
2016-03-21,-57.55,#741
2017-03-21,-57.85,#741
2018-03-21,-58.22,#741
2019-03-21,-58.16,#741
2020-03-21,-58.52,#741
2001-03-21,-5.46,#747
2002-03-21,-6.49,#747
2003-03-21,-6.4,#747
2004-03-21,-5.91,#747
2005-03-21,,#747
2006-03-21,-5.79,#747
2007-03-21,-5.85,#747
2008-03-21,-5.85,#747
2009-03-21,-5.91,#747
2010-03-21,-4.33,#747
2011-03-21,-5.18,#747
2012-03-21,-5.03,#747
2013-03-21,-5.09,#747
2014-03-21,-5.03,#747
2015-03-21,-5.09,#747
2016-03-21,-5.49,#747
2017-03-21,-5.18,#747
2018-03-21,-4.39,#747
2019-03-21,-4.33,#747
2020-03-21,,#747
2001-03-21,-3.96,#749
2002-03-21,-4.27,#749
2003-03-21,,#749
2004-03-21,-4.54,#749
2005-03-21,,#749
2006-03-21,-4.3,#749
2007-03-21,-4.63,#749
2008-03-21,-4.82,#749
2009-03-21,-4.45,#749
2010-03-21,-4.54,#749
2011-03-21,-4.75,#749
2012-03-21,-4.51,#749
2013-03-21,-7.44,#749
2014-03-21,-6.89,#749
2015-03-21,-6.71,#749
2016-03-21,-6.86,#749
2017-03-21,-6.71,#749
2018-03-21,-6.52,#749
2019-03-21,-6.58,#749
2020-03-21,-6.83,#749
2001-03-21,-31.39,#752
2002-03-21,,#752
2003-03-21,-32.64,#752
2004-03-21,-33.38,#752
2005-03-21,-33.99,#752
2006-03-21,-34.17,#752
2007-03-21,-34.63,#752
2008-03-21,-35.72,#752
2009-03-21,-35.75,#752
2010-03-21,-36.88,#752
2011-03-21,-37.12,#752
2012-03-21,-37.12,#752
2013-03-21,-41.57,#752
2014-03-21,-40.87,#752
2015-03-21,-40.87,#752
2016-03-21,-41.33,#752
2017-03-21,-41.45,#752
2018-03-21,-41.27,#752
2019-03-21,-41.39,#752
2020-03-21,-41.51,#752
2001-03-21,-60.37,#811
2002-03-21,-60.9,#811
2003-03-21,-61.56,#811
2004-03-21,-61.88,#811
2005-03-21,,#811
2006-03-21,-62.61,#811
2007-03-21,-63.34,#811
2008-03-21,-63.52,#811
2009-03-21,,#811
2010-03-21,-62.97,#811
2011-03-21,-62.79,#811
2012-03-21,-63.03,#811
2013-03-21,-65.23,#811
2014-03-21,-65.11,#811
2015-03-21,-63.61,#811
2016-03-21,-63.95,#811
2017-03-21,-64.97,#811
2018-03-21,-64.65,#811
2019-03-21,-65.65,#811
2020-03-21,-65.11,#811
2001-03-21,-51.89,#815
2002-03-21,-52.29,#815
2003-03-21,-53.23,#815
2004-03-21,-54.0,#815
2005-03-21,,#815
2006-03-21,-54.93,#815
2007-03-21,-55.63,#815
2008-03-21,-56.52,#815
2009-03-21,,#815
2010-03-21,-56.13,#815
2011-03-21,-56.74,#815
2012-03-21,-57.91,#815
2013-03-21,-56.48,#815
2014-03-21,-55.14,#815
2015-03-21,-55.6,#815
2016-03-21,-53.55,#815
2017-03-21,-52.4,#815
2018-03-21,-50.6,#815
2019-03-21,-51.33,#815
2020-03-21,-51.91,#815
2001-03-21,-54.0,#817
2002-03-21,-54.35,#817
2003-03-21,-55.14,#817
2004-03-21,-55.5,#817
2005-03-21,,#817
2006-03-21,-55.92,#817
2007-03-21,-55.07,#817
2008-03-21,-56.05,#817
2009-03-21,,#817
2010-03-21,-56.45,#817
2011-03-21,-55.99,#817
2012-03-21,-55.84,#817
2013-03-21,-59.44,#817
2014-03-21,-59.77,#817
2015-03-21,-58.83,#817
2016-03-21,-58.31,#817
2017-03-21,-58.37,#817
2018-03-21,-59.38,#817
2019-03-21,-57.67,#817
2020-03-21,-59.92,#817
2001-03-21,-64.92,#818
2002-03-21,-65.31,#818
2003-03-21,-65.85,#818
2004-03-21,-66.51,#818
2005-03-21,,#818
2006-03-21,-66.94,#818
2007-03-21,-66.85,#818
2008-03-21,-68.1,#818
2009-03-21,,#818
2010-03-21,-65.35,#818
2011-03-21,-63.76,#818
2012-03-21,-58.86,#818
2013-03-21,-70.1,#818
2014-03-21,-66.63,#818
2015-03-21,-66.51,#818
2016-03-21,-68.73,#818
2017-03-21,-68.51,#818
2018-03-21,-68.59,#818
2019-03-21,-68.39,#818
2020-03-21,-70.9,#818
2001-03-21,-70.89,#819
2002-03-21,-71.41,#819
2003-03-21,-72.08,#819
2004-03-21,-72.5,#819
2005-03-21,,#819
2006-03-21,-73.34,#819
2007-03-21,-73.79,#819
2008-03-21,-74.73,#819
2009-03-21,,#819
2010-03-21,-74.04,#819
2011-03-21,-73.27,#819
2012-03-21,-72.94,#819
2013-03-21,-74.65,#819
2014-03-21,-75.22,#819
2015-03-21,-77.33,#819
2016-03-21,-76.93,#819
2017-03-21,-77.02,#819
2018-03-21,-76.47,#819
2019-03-21,-76.99,#819
2020-03-21,-76.54,#819
2001-03-21,-56.42,#821
2002-03-21,-56.97,#821
2003-03-21,-57.75,#821
2004-03-21,-58.33,#821
2005-03-21,,#821
2006-03-21,-58.96,#821
2007-03-21,-59.31,#821
2008-03-21,-60.32,#821
2009-03-21,,#821
2010-03-21,-61.17,#821
2011-03-21,-63.92,#821
2012-03-21,-64.19,#821
2013-03-21,-68.06,#821
2014-03-21,-69.52,#821
2015-03-21,-68.73,#821
2016-03-21,-68.61,#821
2017-03-21,-68.79,#821
2018-03-21,-68.73,#821
2019-03-21,-69.04,#821
2020-03-21,-60.05,#821
2001-03-21,-68.0,#822
2002-03-21,-68.6,#822
2003-03-21,-68.93,#822
2004-03-21,-69.57,#822
2005-03-21,,#822
2006-03-21,-70.75,#822
2007-03-21,-71.3,#822
2008-03-21,-72.47,#822
2009-03-21,,#822
2010-03-21,-70.32,#822
2011-03-21,-70.81,#822
2012-03-21,-71.14,#822
2013-03-21,-73.61,#822
2014-03-21,-72.21,#822
2015-03-21,-68.43,#822
2016-03-21,-68.12,#822
2017-03-21,-67.91,#822
2018-03-21,-67.67,#822
2019-03-21,-67.91,#822
2020-03-21,-69.13,#822
2001-03-21,-71.48,#824
2002-03-21,-72.02,#824
2003-03-21,-72.51,#824
2004-03-21,-73.3,#824
2005-03-21,,#824
2006-03-21,-73.89,#824
2007-03-21,-74.64,#824
2008-03-21,-75.45,#824
2009-03-21,,#824
2010-03-21,-75.29,#824
2011-03-21,-72.6,#824
2012-03-21,-71.99,#824
2013-03-21,-70.5,#824
2014-03-21,-69.71,#824
2015-03-21,-69.01,#824
2016-03-21,-63.73,#824
2017-03-21,-63.52,#824
2018-03-21,-64.19,#824
2019-03-21,-67.57,#824
2020-03-21,-68.09,#824
2001-03-21,-64.93,#850
2002-03-21,-65.24,#850
2003-03-21,-65.8,#850
2004-03-21,-66.08,#850
2005-03-21,,#850
2006-03-21,-66.78,#850
2007-03-21,-67.54,#850
2008-03-21,-68.55,#850
2009-03-21,,#850
2010-03-21,-66.14,#850
2011-03-21,-62.94,#850
2012-03-21,-62.24,#850
2013-03-21,-68.55,#850
2014-03-21,-63.03,#850
2015-03-21,-63.52,#850
2016-03-21,-62.88,#850
2017-03-21,-62.88,#850
2018-03-21,-62.67,#850
2019-03-21,-62.67,#850
2020-03-21,-63.89,#850
2001-03-21,-65.39,#860
2002-03-21,-65.75,#860
2003-03-21,-66.01,#860
2004-03-21,-66.21,#860
2005-03-21,,#860
2006-03-21,-66.6,#860
2007-03-21,-67.19,#860
2008-03-21,-67.71,#860
2009-03-21,,#860
2010-03-21,-68.96,#860
2011-03-21,-66.45,#860
2012-03-21,-65.9,#860
2013-03-21,-67.18,#860
2014-03-21,-65.59,#860
2015-03-21,-65.93,#860
2016-03-21,-65.53,#860
2017-03-21,-66.66,#860
2018-03-21,-65.59,#860
2019-03-21,-67.12,#860
2020-03-21,-65.96,#860
2001-03-21,-34.84,#956
2002-03-21,-35.47,#956
2003-03-21,-37.23,#956
2004-03-21,-34.88,#956
2005-03-21,-37.53,#956
2006-03-21,-38.61,#956
2007-03-21,-38.92,#956
2008-03-21,-36.21,#956
2009-03-21,,#956
2010-03-21,-36.52,#956
2011-03-21,-36.86,#956
2012-03-21,-37.7,#956
2013-03-21,-41.91,#956
2014-03-21,-42.21,#956
2015-03-21,-41.71,#956
2016-03-21,-40.05,#956
2017-03-21,-39.84,#956
2018-03-21,-39.54,#956
2019-03-21,-40.31,#956
2020-03-21,-39.59,#956
2001-03-21,-43.76,#957
2002-03-21,-43.72,#957
2003-03-21,-44.1,#957
2004-03-21,-44.14,#957
2005-03-21,-44.06,#957
2006-03-21,-44.15,#957
2007-03-21,-44.11,#957
2008-03-21,-44.17,#957
2009-03-21,,#957
2010-03-21,-44.68,#957
2011-03-21,-44.88,#957
2012-03-21,-45.0,#957
2013-03-21,-45.44,#957
2014-03-21,-45.52,#957
2015-03-21,-45.9,#957
2016-03-21,-45.9,#957
2017-03-21,-45.16,#957
2018-03-21,-45.23,#957
2019-03-21,-45.4,#957
2020-03-21,-45.57,#957
2001-03-21,-34.35,#958
2002-03-21,-33.59,#958
2003-03-21,-34.2,#958
2004-03-21,-34.28,#958
2005-03-21,-34.48,#958
2006-03-21,-34.9,#958
2007-03-21,-33.13,#958
2008-03-21,-33.66,#958
2009-03-21,,#958
2010-03-21,-34.2,#958
2011-03-21,-32.45,#958
2012-03-21,-32.44,#958
2013-03-21,-32.78,#958
2014-03-21,-36.28,#958
2015-03-21,-35.58,#958
2016-03-21,-32.21,#958
2017-03-21,-32.53,#958
2018-03-21,-33.52,#958
2019-03-21,-33.21,#958
2020-03-21,-32.88,#958
2001-03-21,-35.44,#959
2002-03-21,-35.47,#959
2003-03-21,-35.94,#959
2004-03-21,-35.62,#959
2005-03-21,-35.68,#959
2006-03-21,-35.7,#959
2007-03-21,-35.7,#959
2008-03-21,-33.89,#959
2009-03-21,,#959
2010-03-21,-35.87,#959
2011-03-21,-35.94,#959
2012-03-21,-36.04,#959
2013-03-21,-36.18,#959
2014-03-21,-37.65,#959
2015-03-21,-36.67,#959
2016-03-21,-36.79,#959
2017-03-21,-36.11,#959
2018-03-21,-36.87,#959
2019-03-21,-37.03,#959
2020-03-21,-37.21,#959
2001-03-21,-23.5,#960
2002-03-21,-23.57,#960
2003-03-21,-23.54,#960
2004-03-21,-23.76,#960
2005-03-21,-23.85,#960
2006-03-21,-23.82,#960
2007-03-21,-23.74,#960
2008-03-21,-23.57,#960
2009-03-21,,#960
2010-03-21,-23.64,#960
2011-03-21,-23.66,#960
2012-03-21,-23.73,#960
2013-03-21,-25.24,#960
2014-03-21,-25.8,#960
2015-03-21,-24.52,#960
2016-03-21,-23.61,#960
2017-03-21,-23.57,#960
2018-03-21,-23.49,#960
2019-03-21,-23.49,#960
2020-03-21,-23.55,#960
2001-03-21,-31.21,#962
2002-03-21,-31.03,#962
2003-03-21,-30.88,#962
2004-03-21,-30.56,#962
2005-03-21,-30.71,#962
2006-03-21,-31.47,#962
2007-03-21,-32.0,#962
2008-03-21,-32.67,#962
2009-03-21,,#962
2010-03-21,-33.75,#962
2011-03-21,-33.99,#962
2012-03-21,-34.73,#962
2013-03-21,-34.26,#962
2014-03-21,-33.92,#962
2015-03-21,-33.61,#962
2016-03-21,-33.31,#962
2017-03-21,-33.1,#962
2018-03-21,-32.87,#962
2019-03-21,-32.71,#962
2020-03-21,-32.6,#962
2001-03-21,-32.83,#965
2002-03-21,-33.51,#965
2003-03-21,-32.74,#965
2004-03-21,-32.71,#965
2005-03-21,-33.5,#965
2006-03-21,-32.69,#965
2007-03-21,-32.98,#965
2008-03-21,-32.57,#965
2009-03-21,,#965
2010-03-21,-32.57,#965
2011-03-21,-32.55,#965
2012-03-21,-32.52,#965
2013-03-21,-32.46,#965
2014-03-21,-35.98,#965
2015-03-21,-35.22,#965
2016-03-21,-32.4,#965
2017-03-21,-32.4,#965
2018-03-21,-32.37,#965
2019-03-21,-32.36,#965
2020-03-21,-32.35,#965
2001-03-21,-22.1,#966
2002-03-21,-22.22,#966
2003-03-21,-22.19,#966
2004-03-21,-22.21,#966
2005-03-21,-22.08,#966
2006-03-21,-22.01,#966
2007-03-21,-21.84,#966
2008-03-21,-21.65,#966
2009-03-21,,#966
2010-03-21,-21.95,#966
2011-03-21,-21.95,#966
2012-03-21,-22.04,#966
2013-03-21,-22.19,#966
2014-03-21,-22.84,#966
2015-03-21,-22.11,#966
2016-03-21,-21.8,#966
2017-03-21,-23.13,#966
2018-03-21,-23.25,#966
2019-03-21,-23.32,#966
2020-03-21,-21.77,#966
2001-03-21,-35.75,#978
2002-03-21,-35.19,#978
2003-03-21,-34.01,#978
2004-03-21,-34.24,#978
2005-03-21,-34.82,#978
2006-03-21,-34.43,#978
2007-03-21,-32.15,#978
2008-03-21,-30.75,#978
2009-03-21,,#978
2010-03-21,-29.51,#978
2011-03-21,-28.96,#978
2012-03-21,-30.02,#978
2013-03-21,-27.97,#978
2014-03-21,-29.16,#978
2015-03-21,-29.26,#978
2016-03-21,-27.46,#978
2017-03-21,-28.52,#978
2018-03-21,-25.76,#978
2019-03-21,-25.51,#978
2020-03-21,-26.06,#978
2001-03-21,-45.69,#979
2002-03-21,-44.81,#979
2003-03-21,-44.06,#979
2004-03-21,-45.54,#979
2005-03-21,-44.91,#979
2006-03-21,-43.78,#979
2007-03-21,-43.96,#979
2008-03-21,-44.45,#979
2009-03-21,,#979
2010-03-21,-43.36,#979
2011-03-21,-42.55,#979
2012-03-21,-42.48,#979
2013-03-21,-42.32,#979
2014-03-21,-43.48,#979
2015-03-21,-42.28,#979
2016-03-21,-42.01,#979
2017-03-21,-41.86,#979
2018-03-21,-41.71,#979
2019-03-21,-41.58,#979
2020-03-21,-41.49,#979
2001-03-21,-15.15,#980
2002-03-21,-15.2,#980
2003-03-21,-15.15,#980
2004-03-21,-15.21,#980
2005-03-21,-14.93,#980
2006-03-21,-14.92,#980
2007-03-21,-15.08,#980
2008-03-21,-14.93,#980
2009-03-21,,#980
2010-03-21,-15.08,#980
2011-03-21,-14.93,#980
2012-03-21,-14.87,#980
2013-03-21,-14.85,#980
2014-03-21,-14.97,#980
2015-03-21,-15.0,#980
2016-03-21,-14.86,#980
2017-03-21,-14.8,#980
2018-03-21,-14.85,#980
2019-03-21,-14.93,#980
2020-03-21,-15.0,#980
